<?xml version="1.0" encoding="UTF-8"?>
<ae:configurations xmlns="http://agavi.org/agavi/config/parts/autoload/1.0" xmlns:ae="http://agavi.org/agavi/config/global/envelope/1.0">
	
	<ae:configuration>
		
		<autoload name="countriesCountriesBaseAction">%core.module_dir%/Countries/lib/action/countriesCountriesBaseAction.class.php</autoload>
		<autoload name="countriesCountriesBaseModel">%core.module_dir%/Countries/lib/model/countriesCountriesBaseModel.class.php</autoload>
		<autoload name="countriesCountriesBaseView">%core.module_dir%/Countries/lib/view/countriesCountriesBaseView.class.php</autoload>
		
	</ae:configuration>
	
</ae:configurations>