<?xml version="1.0" encoding="UTF-8"?>
<ae:configurations xmlns="http://agavi.org/agavi/config/parts/module/1.0" xmlns:ae="http://agavi.org/agavi/config/global/envelope/1.0">
	
	<ae:configuration>
		
		<module enabled="true">
			<settings>
				<setting name="title">Countries Module</setting>
				<setting name="version">1.0</setting>
<!--
				<setting name="authors">
					<ae:parameter name="joe.cool@peanuts.com">Snoopy</ae:parameter>
				</setting>
				<setting name="homepage">http://www.agavi.org</setting>
				<setting name="update_url" />
				<setting name="description">An example module</setting>
-->
			</settings>
		</module>
		
	</ae:configuration>
	
</ae:configurations>